GRASSLANDN,ALLOTMENT1,ALLOTMEN_1,FirstGrazingYear,FifthGrazingYear,FIRENAME,DISCOVERYD
Little Missouri National Grassland,00050,10307.010355,2007,2013,Brown,2008-07-23
Little Missouri National Grassland,00051,10308.010355,2003,2009,DeepCreek,2004-09-01
Little Missouri National Grassland,00054,10310.010355,2003,2009,DeepCreek,2004-09-01
Little Missouri National Grassland,00055,10311.010355,2003,2009,DeepCreek,2004-09-01
Little Missouri National Grassland,00056,10312.010355,2003,2009,DeepCreek,2004-09-01
Little Missouri National Grassland,00062,10317.010355,2007,2013,Brown,2008-07-23
Little Missouri National Grassland,00063,10318.010355,2011,2017,DeepCreek2,2012-08-24
Little Missouri National Grassland,00179,10413.010355,2011,2017,Sail,2012-08-24
Little Missouri National Grassland,00211,10444.010355,1999,2005,Talkington1,2000-08-26
Little Missouri National Grassland,00181,10415.010355,2011,2017,Sail,2012-08-24
Little Missouri National Grassland,00426,10615.010355,1998,2004,Gap/RoughCreek,1999-10-31
Little Missouri National Grassland,00428,10617.010355,2011,2017,CottonwoodCreek,2012-09-21
Little Missouri National Grassland,00256,10481.010355,1999,2005,Blacktail1,2000-08-26
Little Missouri National Grassland,00256,10481.010355,1987,1993,Mike'SCreek,1988-07-27
Little Missouri National Grassland,00230,10461.010355,1987,1993,Mike'SCreek,1988-07-27
Little Missouri National Grassland,00129,10370.010355,2003,2009,MagpieCamp,2004-08-15
Little Missouri National Grassland,00129,10370.010355,2016,2022,Magpie,2017-07-08
Little Missouri National Grassland,00431,10620.010355,2011,2017,CottonwoodCreek,2012-09-21
Little Missouri National Grassland,00432,10621.010355,2011,2017,CottonwoodCreek,2012-09-21
Little Missouri National Grassland,00186,10420.010355,2011,2017,Easter,2012-04-08
Little Missouri National Grassland,00196,10430.010355,2011,2017,Sail,2012-08-24
Little Missouri National Grassland,00435,10624.010355,1987,1993,Fantail,1988-08-11
Little Missouri National Grassland,00006,10267.010355,2011,2017,DeepCreek2,2012-08-24
Little Missouri National Grassland,00010,10271.010355,2011,2017,DeepCreek2,2012-08-24
Little Missouri National Grassland,00010,10271.010355,2007,2013,Brown,2008-07-23
Little Missouri National Grassland,00326,10519.010355,1987,1993,MuleCreek,1988-06-08
Little Missouri National Grassland,00326,10519.010355,1987,1993,Charbonneau,1988-07-27
Little Missouri National Grassland,00326,10519.010355,1987,1993,Jacobson,1988-07-27
Little Missouri National Grassland,00327,10520.010355,1987,1993,Jacobson,1988-07-27
Little Missouri National Grassland,00020,10281.010355,2011,2017,DeepCreek2,2012-08-24
Little Missouri National Grassland,00020,10281.010355,2005,2011,Davis(DevilsHole),2006-07-18
Little Missouri National Grassland,00015,10276.010355,2011,2017,DeepCreek2,2012-08-24
Little Missouri National Grassland,00021,10282.010355,2017,2023,Schaeffer,2018-08-24
Little Missouri National Grassland,00328,10521.010355,1987,1993,Charbonneau,1988-07-27
Little Missouri National Grassland,00359,10550.010355,1998,2004,Gap/RoughCreek,1999-10-31
Little Missouri National Grassland,00360,10551.010355,1998,2004,Gap/RoughCreek,1999-10-31
Little Missouri National Grassland,00361,10552.010355,1998,2004,Gap/RoughCreek,1999-10-31
Little Missouri National Grassland,00362,10553.010355,1998,2004,Gap/RoughCreek,1999-10-31
Little Missouri National Grassland,00476,10664.010355,2014,2020,RidgeRoad,2015-04-14
Little Missouri National Grassland,00479,10667.010355,2014,2020,RidgeRoad,2015-04-14
Little Missouri National Grassland,00483,10669.010355,2011,2017,Columbus,2012-10-08
Little Missouri National Grassland,00484,10670.010355,2011,2017,Columbus,2012-10-08
Little Missouri National Grassland,00485,10671.010355,2014,2020,RidgeRoad,2015-04-14
Little Missouri National Grassland,00029,10289.010355,2011,2017,Sail,2012-08-24
Little Missouri National Grassland,00029,10289.010355,2003,2009,DeepCreek,2004-09-01
Little Missouri National Grassland,00043,12458.010355,2003,2009,DeepCreek,2004-09-01
Little Missouri National Grassland,00042,10301.010355,2005,2011,Davis(DevilsHole),2006-07-18
Little Missouri National Grassland,00042,10301.010355,2007,2013,Brown,2008-07-23
Little Missouri National Grassland,00202,10436.010355,2011,2017,Easter,2012-04-08
Little Missouri National Grassland,00301,10510.010355,2003,2009,MagpieCamp,2004-08-15
Little Missouri National Grassland,00301,10510.010355,2016,2022,Magpie,2017-07-08
Little Missouri National Grassland,00363,10554.010355,1998,2004,Gap/RoughCreek,1999-10-31
Little Missouri National Grassland,00462,10650.010355,1998,2004,Gap/RoughCreek,1999-10-31
Little Missouri National Grassland,00464,10652.010355,1998,2004,Gap/RoughCreek,1999-10-31
Little Missouri National Grassland,00514,10699.010355,1998,2004,Gap/RoughCreek,1999-10-31
Little Missouri National Grassland,00515,10700.010355,1998,2004,Gap/RoughCreek,1999-10-31
Little Missouri National Grassland,00516,10701.010355,1987,1993,MontanaLine,1988-06-10
Little Missouri National Grassland,00516,10701.010355,1998,2004,Gap/RoughCreek,1999-10-31
Little Missouri National Grassland,00517,10702.010355,1998,2004,Gap/RoughCreek,1999-10-31
Little Missouri National Grassland,00046,10304.010355,2011,2017,Sail,2012-08-24
Little Missouri National Grassland,00046,10304.010355,2003,2009,DeepCreek,2004-09-01
Little Missouri National Grassland,00115,10361.010355,2003,2009,DeepCreek,2004-09-01
Little Missouri National Grassland,00127,10368.010355,2003,2009,MagpieCamp,2004-08-15
Little Missouri National Grassland,00127,10368.010355,2003,2009,Whitetail,2004-08-19
Little Missouri National Grassland,00127,10368.010355,1987,1993,Fantail,1988-08-11
Little Missouri National Grassland,00127,10368.010355,2016,2022,Magpie,2017-07-08
Little Missouri National Grassland,00325,10515.010355,2007,2013,Brown,2008-07-23
Little Missouri National Grassland,00107,10356.010355,2011,2017,DeepCreek2,2012-08-24
Little Missouri National Grassland,00107,10356.010355,2005,2011,Davis(DevilsHole),2006-07-18
Little Missouri National Grassland,00107,10356.010355,2007,2013,Brown,2008-07-23
Little Missouri National Grassland,00032,10292.010355,2011,2017,DeepCreek2,2012-08-24
Little Missouri National Grassland,00365,10556.010355,1998,2004,Gap/RoughCreek,1999-10-31
Little Missouri National Grassland,00368,10559.010355,1998,2004,Gap/RoughCreek,1999-10-31
Little Missouri National Grassland,00369,10560.010355,1998,2004,Gap/RoughCreek,1999-10-31
Little Missouri National Grassland,00332,10525.010355,1987,1993,Jacobson,1988-07-27
Little Missouri National Grassland,00344,10536.010355,1998,2004,Gap/RoughCreek,1999-10-31
Little Missouri National Grassland,00512,10697.010355,1987,1993,CinnamonCreek,1988-06-10
Little Missouri National Grassland,00345,10537.010355,1998,2004,Gap/RoughCreek,1999-10-31
Little Missouri National Grassland,00372,10563.010355,1998,2004,Gap/RoughCreek,1999-10-31
Little Missouri National Grassland,00424,10613.010355,2011,2017,CottonwoodCreek,2012-09-21
Little Missouri National Grassland,00430,10619.010355,2003,2009,MagpieCamp,2004-08-15
Little Missouri National Grassland,00430,10619.010355,1987,1993,Fantail,1988-08-11
Little Missouri National Grassland,00430,10619.010355,2016,2022,Magpie,2017-07-08
Little Missouri National Grassland,00039,10298.010355,2011,2017,DeepCreek2,2012-08-24
Little Missouri National Grassland,00058,10313.010355,2003,2009,DeepCreek,2004-09-01
Little Missouri National Grassland,00371,10562.010355,1998,2004,Gap/RoughCreek,1999-10-31
Little Missouri National Grassland,00373,10564.010355,1998,2004,Gap/RoughCreek,1999-10-31
Little Missouri National Grassland,00370,10561.010355,1998,2004,Gap/RoughCreek,1999-10-31
Little Missouri National Grassland,00374,10565.010355,1998,2004,Gap/RoughCreek,1999-10-31
Little Missouri National Grassland,133D5,5667849.010602,1987,1993,Mike'SCreek,1988-07-27
Little Missouri National Grassland,00133,10374.010355,1987,1993,Mike'SCreek,1988-07-27
Little Missouri National Grassland,00135,10376.010355,2003,2009,MikesCreek,2004-07-27
Little Missouri National Grassland,00135,10376.010355,1999,2005,Blacktail1,2000-08-26
Little Missouri National Grassland,00135,10376.010355,1987,1993,Mike'SCreek,1988-07-27
Little Missouri National Grassland,00136,10377.010355,1987,1993,Mike'SCreek,1988-07-27
Little Missouri National Grassland,00138,10378.010355,2003,2009,MikesCreek,2004-07-27
Little Missouri National Grassland,00138,10378.010355,1987,1993,Mike'SCreek,1988-07-27
Little Missouri National Grassland,00140,10380.010355,1987,1993,Mike'SCreek,1988-07-27
Little Missouri National Grassland,00118,10364.010355,2005,2011,Davis(DevilsHole),2006-07-18
Little Missouri National Grassland,00106,10355.010355,2011,2017,DeepCreek2,2012-08-24
Little Missouri National Grassland,00116,10362.010355,2011,2017,DeepCreek2,2012-08-24
Little Missouri National Grassland,00139,10379.010355,1987,1993,Mike'SCreek,1988-07-27
Little Missouri National Grassland,00237,10467.010355,1987,1993,Mike'SCreek,1988-07-27
Little Missouri National Grassland,00467,10655.010355,2014,2020,RidgeRoad,2015-04-14
Little Missouri National Grassland,00145,10385.010355,2003,2009,MikesCreek,2004-07-27
Little Missouri National Grassland,00145,10385.010355,1987,1993,Mike'SCreek,1988-07-27
Little Missouri National Grassland,00147,10387.010355,1987,1993,Mike'SCreek,1988-07-27
Little Missouri National Grassland,00141,10381.010355,1987,1993,Mike'SCreek,1988-07-27
Little Missouri National Grassland,00142,10382.010355,1987,1993,Mike'SCreek,1988-07-27
Little Missouri National Grassland,00143,10383.010355,2003,2009,MikesCreek,2004-07-27
Little Missouri National Grassland,00143,10383.010355,1987,1993,Mike'SCreek,1988-07-27
Little Missouri National Grassland,00288,10505.010355,1999,2005,Blacktail1,2000-08-26
Little Missouri National Grassland,00288,10505.010355,1987,1993,Mike'SCreek,1988-07-27
Little Missouri National Grassland,00287,10504.010355,2003,2009,MikesCreek,2004-07-27
Little Missouri National Grassland,00287,10504.010355,1987,1993,Mike'SCreek,1988-07-27
Little Missouri National Grassland,00339,10531.010355,1987,1993,MuleCreek,1988-06-08
Little Missouri National Grassland,00339,10531.010355,1987,1993,MontanaLine,1988-06-10
Little Missouri National Grassland,00339,10531.010355,1998,2004,Gap/RoughCreek,1999-10-31
Little Missouri National Grassland,00340,10532.010355,1998,2004,Gap/RoughCreek,1999-10-31
Little Missouri National Grassland,00341,10533.010355,1987,1993,MontanaLine,1988-06-10
Little Missouri National Grassland,00341,10533.010355,1998,2004,Gap/RoughCreek,1999-10-31
Little Missouri National Grassland,00342,10534.010355,1998,2004,Gap/RoughCreek,1999-10-31
Little Missouri National Grassland,00334,10527.010355,1987,1993,MuleCreek,1988-06-08
Little Missouri National Grassland,00346,10538.010355,1987,1993,MontanaLine,1988-06-10
Little Missouri National Grassland,00367,10558.010355,1998,2004,Gap/RoughCreek,1999-10-31
Little Missouri National Grassland,00415,10604.010355,2011,2017,CottonwoodCreek,2012-09-21
Little Missouri National Grassland,00155,10393.010355,2003,2009,Whitetail,2004-08-19
Little Missouri National Grassland,00156,10394.010355,2003,2009,MikesCreek,2004-07-27
Little Missouri National Grassland,00156,10394.010355,1987,1993,Mike'SCreek,1988-07-27
Little Missouri National Grassland,00158,10396.010355,2003,2009,Whitetail,2004-08-19
Little Missouri National Grassland,00158,10396.010355,1987,1993,Fantail,1988-08-11
Little Missouri National Grassland,00258,10482.010355,1987,1993,Mike'SCreek,1988-07-27
Little Missouri National Grassland,00017,10278.010355,2005,2011,Davis(DevilsHole),2006-07-18
Little Missouri National Grassland,00347,10539.010355,1987,1993,MuleCreek,1988-06-08
Little Missouri National Grassland,00349,10541.010355,1998,2004,Gap/RoughCreek,1999-10-31
Little Missouri National Grassland,00350,10542.010355,1998,2004,Gap/RoughCreek,1999-10-31
Little Missouri National Grassland,00351,10543.010355,1987,1993,MontanaLine,1988-06-10
Little Missouri National Grassland,00351,10543.010355,1998,2004,Gap/RoughCreek,1999-10-31
Little Missouri National Grassland,00343,10535.010355,1987,1993,MontanaLine,1988-06-10
Little Missouri National Grassland,00353,10544.010355,1998,2004,Gap/RoughCreek,1999-10-31
Little Missouri National Grassland,00354,10545.010355,1998,2004,Gap/RoughCreek,1999-10-31
Little Missouri National Grassland,00355,10546.010355,1987,1993,MontanaLine,1988-06-10
Little Missouri National Grassland,00355,10546.010355,1998,2004,Gap/RoughCreek,1999-10-31
Little Missouri National Grassland,00450,10639.010355,1998,2004,Gap/RoughCreek,1999-10-31
Little Missouri National Grassland,00451,10640.010355,1998,2004,Gap/RoughCreek,1999-10-31
Little Missouri National Grassland,00455,10643.010355,1998,2004,Gap/RoughCreek,1999-10-31
Little Missouri National Grassland,00461,10649.010355,1998,2004,Gap/RoughCreek,1999-10-31
Little Missouri National Grassland,00078,10332.010355,2017,2023,Schaeffer,2018-08-24
Little Missouri National Grassland,00087,10340.010355,2003,2009,DeepCreek,2004-09-01
Little Missouri National Grassland,00249,10478.010355,1987,1993,Fantail,1988-08-11
Little Missouri National Grassland,00250,10479.010355,2011,2017,Easter,2012-04-08
Little Missouri National Grassland,00356,10547.010355,1998,2004,Gap/RoughCreek,1999-10-31
Little Missouri National Grassland,00357,10548.010355,1998,2004,Gap/RoughCreek,1999-10-31
Little Missouri National Grassland,00358,10549.010355,1998,2004,Gap/RoughCreek,1999-10-31
Little Missouri National Grassland,00095,10345.010355,2003,2009,DeepCreek,2004-09-01
Little Missouri National Grassland,00270,10489.010355,1999,2005,Talkington1,2000-08-26
Little Missouri National Grassland,00279,10497.010355,2003,2009,MagpieCamp,2004-08-15
Little Missouri National Grassland,00279,10497.010355,2003,2009,Whitetail,2004-08-19
Little Missouri National Grassland,00279,10497.010355,1999,2005,Blacktail1,2000-08-26
Little Missouri National Grassland,00279,10497.010355,1987,1993,Mike'SCreek,1988-07-27
Little Missouri National Grassland,00280,10498.010355,2003,2009,MagpieCamp,2004-08-15
Little Missouri National Grassland,00280,10498.010355,2003,2009,Whitetail,2004-08-19
Little Missouri National Grassland,00280,10498.010355,1999,2005,Blacktail1,2000-08-26
Little Missouri National Grassland,00280,10498.010355,1987,1993,Fantail,1988-08-11
Little Missouri National Grassland,00280,10498.010355,2016,2022,Magpie,2017-07-08
Little Missouri National Grassland,00282,10500.010355,2003,2009,MagpieCamp,2004-08-15
Little Missouri National Grassland,00282,10500.010355,2003,2009,Whitetail,2004-08-19
Little Missouri National Grassland,00282,10500.010355,1987,1993,Fantail,1988-08-11
Little Missouri National Grassland,00282,10500.010355,2016,2022,Magpie,2017-07-08
Little Missouri National Grassland,00329,10522.010355,1987,1993,Charbonneau,1988-07-27
Little Missouri National Grassland,00447,10636.010355,1998,2004,Gap/RoughCreek,1999-10-31
Little Missouri National Grassland,00405,10595.010355,1987,1993,CinnamonCreek,1988-06-10
Little Missouri National Grassland,00406,10596.010355,1987,1993,Fantail,1988-08-11
Little Missouri National Grassland,00490,10676.010355,2011,2017,Columbus,2012-10-08
Little Missouri National Grassland,00210,10443.010355,1999,2005,Talkington1,2000-08-26
Little Missouri National Grassland,00214,10447.010355,1999,2005,Talkington1,2000-08-26
Little Missouri National Grassland,00215,10448.010355,1999,2005,Talkington1,2000-08-26
Little Missouri National Grassland,00231,10462.010355,1999,2005,Talkington1,2000-08-26
Little Missouri National Grassland,00232,10463.010355,1999,2005,Talkington1,2000-08-26
Little Missouri National Grassland,00333,10526.010355,1987,1993,MuleCreek,1988-06-08
Little Missouri National Grassland,00333,10526.010355,1987,1993,Charbonneau,1988-07-27
Little Missouri National Grassland,00333,10526.010355,1987,1993,Jacobson,1988-07-27
Little Missouri National Grassland,00335,10528.010355,1987,1993,Charbonneau,1988-07-27
Little Missouri National Grassland,00335,10528.010355,1987,1993,Jacobson,1988-07-27
Little Missouri National Grassland,00336,10529.010355,1987,1993,Charbonneau,1988-07-27
Little Missouri National Grassland,00336,10529.010355,1987,1993,Jacobson,1988-07-27
Little Missouri National Grassland,00337,5665907.010602,1987,1993,Charbonneau,1988-07-27
Little Missouri National Grassland,00337,5665907.010602,1987,1993,Jacobson,1988-07-27
Little Missouri National Grassland,00331,10524.010355,1987,1993,Charbonneau,1988-07-27
Little Missouri National Grassland,00338,10530.010355,1987,1993,Charbonneau,1988-07-27
Little Missouri National Grassland,00005,10266.010355,2017,2023,Schaeffer,2018-08-24
Little Missouri National Grassland,00407,10597.010355,1987,1993,CinnamonCreek,1988-06-10
Little Missouri National Grassland,00409,10599.010355,1987,1993,CinnamonCreek,1988-06-10
Little Missouri National Grassland,00410,10600.010355,1987,1993,CinnamonCreek,1988-06-10
Little Missouri National Grassland,00414,10603.010355,2011,2017,CottonwoodCreek,2012-09-21
Little Missouri National Grassland,00040,10299.010355,2017,2023,Schaeffer,2018-08-24
Little Missouri National Grassland,00212,10445.010355,1999,2005,Talkington1,2000-08-26
Little Missouri National Grassland,00146,10386.010355,1987,1993,Mike'SCreek,1988-07-27
Little Missouri National Grassland,00419,10608.010355,2011,2017,CottonwoodCreek,2012-09-21
Little Missouri National Grassland,00104,10353.010355,2003,2009,DeepCreek,2004-09-01
Little Missouri National Grassland,00033,10293.010355,2011,2017,Sail,2012-08-24
Little Missouri National Grassland,00033,10293.010355,2003,2009,DeepCreek,2004-09-01
Little Missouri National Grassland,00421,10610.010355,2011,2017,CottonwoodCreek,2012-09-21
Little Missouri National Grassland,00422,10611.010355,2011,2017,CottonwoodCreek,2012-09-21
Thunder Basin National Grassland,09310,10847.010454,NA,NA,Borgialli,NA
Thunder Basin National Grassland,09312,10849.010454,NA,NA,Borgialli,NA
Thunder Basin National Grassland,09238,10748.010454,2019,2025,Lake Creek,2020-08-11
Thunder Basin National Grassland,09274,10826.010454,2019,2025,Edwards,2020-06-17
Thunder Basin National Grassland,09275,10827.010454,2019,2025,Edwards,2020-06-17
Thunder Basin National Grassland,09280,10830.010454,2019,2025,Edwards,2020-06-17
Thunder Basin National Grassland,09240,10749.010454,2019,2025,Edwards,2020-06-17
Thunder Basin National Grassland,09284,10833.010454,2019,2025,Edwards,2020-06-17
Thunder Basin National Grassland,09286,10834.010454,2019,2025,Edwards,2020-06-17
Thunder Basin National Grassland,09213,10799.010454,NA,NA,Steckley,NA
Thunder Basin National Grassland,09354,10889.010454,NA,NA,Borgialli,NA
Thunder Basin National Grassland,09219,10804.010454,NA,NA,East Riehle,NA
Thunder Basin National Grassland,09259,10814.010454,NA,NA,East Riehle,NA
Thunder Basin National Grassland,09264,10817.010454,2019,2025,Edwards,2020-06-17
Thunder Basin National Grassland,09245,10753.010454,NA,NA,East Riehle,NA
Thunder Basin National Grassland,09231,10789.010454,NA,NA,Steckley,NA
Thunder Basin National Grassland,09231,10789.010454,2019,2025,Lake Creek,2020-08-11
Thunder Basin National Grassland,09246,10754.010454,2019,2025,Lake Creek,2020-08-11
Thunder Basin National Grassland,09252,10760.010454,NA,NA,Steckley,NA
Thunder Basin National Grassland,09255,10763.010454,NA,NA,Steckley,NA
Thunder Basin National Grassland,09256,10764.010454,2019,2025,Edwards,2020-06-17
Oglala National Grassland,00033,10582.010557,2011,2017,DOUTHIT,2012-08-28
Oglala National Grassland,00011,10609.010557,1999,2005,WARBONNET,2000-09-05
Oglala National Grassland,00011,10609.010557,2019,2025,11 North,2020-08-05
Oglala National Grassland,00012,10610.010557,1999,2005,WARBONNET,2000-09-05
Oglala National Grassland,00012,10610.010557,2019,2025,11 North,2020-08-05
Oglala National Grassland,00001,10602.010557,1999,2005,WARBONNET,2000-09-05
Oglala National Grassland,00001,10602.010557,1987,1993,INDIAN,1988-08-01
Oglala National Grassland,00001,10602.010557,2019,2025,11 North,2020-08-05
Oglala National Grassland,00004,10603.010557,1987,1993,INDIAN,1988-08-01
Oglala National Grassland,00005,10604.010557,1999,2005,WARBONNET,2000-09-05
Oglala National Grassland,00005,10604.010557,1987,1993,INDIAN,1988-08-01
Oglala National Grassland,00008,10606.010557,1999,2005,WARBONNET,2000-09-05
Oglala National Grassland,00008,10606.010557,2019,2025,11 North,2020-08-05
Oglala National Grassland,00009,10607.010557,1999,2005,WARBONNET,2000-09-05
Oglala National Grassland,00009,10607.010557,2019,2025,11 North,2020-08-05
Oglala National Grassland,00010,10608.010557,1999,2005,WARBONNET,2000-09-05
Oglala National Grassland,00010,10608.010557,2019,2025,11 North,2020-08-05
Oglala National Grassland,00014,10612.010557,1984,1990,Geiser,1985-07-27
Oglala National Grassland,00016,10613.010557,1984,1990,Geiser,1985-07-27
Oglala National Grassland,00017,10614.010557,1984,1990,Geiser,1985-07-27
Oglala National Grassland,00023,10620.010557,2015,2021,Rock,2016-07-16
Oglala National Grassland,00023,10620.010557,1984,1990,Geiser,1985-07-27
Oglala National Grassland,00013,10611.010557,1984,1990,Geiser,1985-07-27
Oglala National Grassland,00024,10621.010557,2015,2021,Rock,2016-07-16
Oglala National Grassland,00018,10615.010557,2011,2017,DOUTHIT,2012-08-28
Oglala National Grassland,00018,10615.010557,2015,2021,Rock,2016-07-16
Oglala National Grassland,00018,10615.010557,1986,1992,PR44 ONG,1987-09-23
Oglala National Grassland,00018,10615.010557,1989,1995,AGATE,1990-10-05
Oglala National Grassland,00019,10616.010557,1989,1995,AGATE,1990-10-05
Oglala National Grassland,00020,10617.010557,1989,1995,AGATE,1990-10-05
Oglala National Grassland,00035,6281650.010602,2011,2017,DOUTHIT,2012-08-28
Oglala National Grassland,00022,10619.010557,2015,2021,Rock,2016-07-16
Oglala National Grassland,00022,10619.010557,1986,1992,PR44 ONG,1987-09-23
Oglala National Grassland,00022,10619.010557,2005,2011,Orella,2006-06-28
Oglala National Grassland,00022,10619.010557,1984,1990,Geiser,1985-07-27
Oglala National Grassland,00025,10622.010557,2015,2021,Rock,2016-07-16
Oglala National Grassland,00025,10622.010557,1986,1992,PR44 ONG,1987-09-23
Oglala National Grassland,00025,10622.010557,2005,2011,Orella,2006-06-28
Oglala National Grassland,00025,10622.010557,1989,1995,AGATE,1990-10-05
Oglala National Grassland,00026,10623.010557,2015,2021,Rock,2016-07-16
Oglala National Grassland,00026,10623.010557,1989,1995,AGATE,1990-10-05
Oglala National Grassland,00021,10618.010557,1986,1992,PR44 ONG,1987-09-23
Oglala National Grassland,00021,10618.010557,2005,2011,Orella,2006-06-28
Oglala National Grassland,00021,10618.010557,1984,1990,Geiser,1985-07-27
Oglala National Grassland,00027,10624.010557,1989,1995,AGATE,1990-10-05
Oglala National Grassland,00028,10578.010557,2011,2017,DOUTHIT,2012-08-28
Oglala National Grassland,00028,10578.010557,1986,1992,PR44 ONG,1987-09-23
Oglala National Grassland,00028,10578.010557,2005,2011,Orella,2006-06-28
Oglala National Grassland,00034,10583.010557,2011,2017,DOUTHIT,2012-08-28
Oglala National Grassland,00040,10587.010557,2011,2017,DOUTHIT,2012-08-28
Oglala National Grassland,00045,10589.010557,1984,1990,Geiser,1985-07-27
Oglala National Grassland,00031,10580.010557,2011,2017,DOUTHIT,2012-08-28
Oglala National Grassland,00031,10580.010557,2005,2011,Orella,2006-06-28
Oglala National Grassland,00032,10581.010557,2005,2011,Orella,2006-06-28
Oglala National Grassland,00032,10581.010557,1984,1990,Geiser,1985-07-27
Oglala National Grassland,00037,10584.010557,2011,2017,DOUTHIT,2012-08-28
Oglala National Grassland,00038,10585.010557,2011,2017,DOUTHIT,2012-08-28
Oglala National Grassland,00039,10586.010557,2011,2017,DOUTHIT,2012-08-28
Oglala National Grassland,00030,10579.010557,1986,1992,PR44 ONG,1987-09-23
Oglala National Grassland,00030,10579.010557,2005,2011,Orella,2006-06-28
Grand River National Grassland,00603,10228.010355,2012,2018,Pautre,2013-04-03
Grand River National Grassland,00607,10232.010355,2012,2018,Pautre,2013-04-03
Grand River National Grassland,00607,10232.010355,2006,2012,Harris,2007-07-24
Grand River National Grassland,00608,10208.010355,2006,2012,HayCreek,2007-07-31
Grand River National Grassland,00611,10235.010355,2012,2018,Pautre,2013-04-03
Grand River National Grassland,00611,10235.010355,2006,2012,Harris,2007-07-24
Grand River National Grassland,00612,10236.010355,2012,2018,Pautre,2013-04-03
Grand River National Grassland,00615,12268.010355,2006,2012,HayCreek,2007-07-31
Grand River National Grassland,00617,10209.010355,2006,2012,HayCreek,2007-07-31
Grand River National Grassland,00618,10240.010355,2012,2018,Pautre,2013-04-03
Grand River National Grassland,00618,10240.010355,2006,2012,Harris,2007-07-24
Grand River National Grassland,00619,10241.010355,2012,2018,Pautre,2013-04-03
Grand River National Grassland,00619,10241.010355,2006,2012,Harris,2007-07-24
Grand River National Grassland,00657,10225.010355,2012,2018,Pautre,2013-04-03
Grand River National Grassland,00602,10227.010355,2012,2018,Pautre,2013-04-03
Grand River National Grassland,00602,10227.010355,2006,2012,Harris,2007-07-24
Grand River National Grassland,00622,10242.010355,1999,2005,Pasture9Burn,2000-09-17
Grand River National Grassland,00629,10213.010355,2006,2012,HayCreek,2007-07-31
Grand River National Grassland,00636,10219.010355,1999,2005,Pasture9Burn,2000-09-17
Grand River National Grassland,00637,10220.010355,2012,2018,Pautre,2013-04-03
Grand River National Grassland,00637,10220.010355,2006,2012,Harris,2007-07-24
Grand River National Grassland,00638,10221.010355,2012,2018,Pautre,2013-04-03
Sheyenne National Grassland,00912,10028.010355,2012,2018,Gregor,2013-05-07
Sheyenne National Grassland,00913,10029.010355,2012,2018,Gregor,2013-05-07
Sheyenne National Grassland,00913,10029.010355,2019,2025,Brown Ranch,2020-12-18
Sheyenne National Grassland,00914,10030.010355,2011,2017,VikingPrairie,2012-04-03
Sheyenne National Grassland,00915,10031.010355,2012,2018,Gregor,2013-05-07
Sheyenne National Grassland,00916,10032.010355,2010,2016,NorthwestD,2011-10-22
Sheyenne National Grassland,00919,10035.010355,2012,2018,Gregor,2013-05-07
Sheyenne National Grassland,00919,10035.010355,2019,2025,Brown Ranch,2020-12-18
Sheyenne National Grassland,00920,10036.010355,2019,2025,Brown Ranch,2020-12-18
Sheyenne National Grassland,00924,10040.010355,2010,2016,NorthwestD,2011-10-22
Sheyenne National Grassland,00930,10045.010355,2010,2016,NorthwestD,2011-10-22
Sheyenne National Grassland,00928,10043.010355,2019,2025,Brown Ranch,2020-12-18
Sheyenne National Grassland,00936,10051.010355,2010,2016,NorthwestD,2011-10-22
Sheyenne National Grassland,00937,10052.010355,2010,2016,NorthwestD,2011-10-22
Sheyenne National Grassland,00939,10054.010355,2010,2016,NorthwestD,2011-10-22
Sheyenne National Grassland,00929,10044.010355,2010,2016,NorthwestD,2011-10-22
Sheyenne National Grassland,00933,10048.010355,2019,2025,Brown Ranch,2020-12-18
Sheyenne National Grassland,00884,10003.010355,2012,2018,Gregor,2013-05-07
Sheyenne National Grassland,00884,10003.010355,2019,2025,Brown Ranch,2020-12-18
Sheyenne National Grassland,00888,10007.010355,2012,2018,Gregor,2013-05-07
Sheyenne National Grassland,00888,10007.010355,2019,2025,Brown Ranch,2020-12-18
Sheyenne National Grassland,00890,10009.010355,2010,2016,NorthwestD,2011-10-22
Sheyenne National Grassland,00891,10010.010355,2010,2016,NorthwestD,2011-10-22
Sheyenne National Grassland,00893,10012.010355,2019,2025,Brown Ranch,2020-12-18
Sheyenne National Grassland,00895,10013.010355,2010,2016,NorthwestD,2011-10-22
Sheyenne National Grassland,00898,10016.010355,2012,2018,Gregor,2013-05-07
Sheyenne National Grassland,00898,10016.010355,2019,2025,Brown Ranch,2020-12-18
Sheyenne National Grassland,00899,10017.010355,2012,2018,Gregor,2013-05-07
Sheyenne National Grassland,00902,10020.010355,2012,2018,Gregor,2013-05-07
Sheyenne National Grassland,00902,10020.010355,2019,2025,Brown Ranch,2020-12-18
Sheyenne National Grassland,00905,10022.010355,2010,2016,NorthwestD,2011-10-22
Fort Pierre National Grassland,00807,10303.010557,1998,2004,PRAIRIE DOG,1999-08-27
Fort Pierre National Grassland,00812,10308.010557,1998,2004,PRAIRIE DOG,1999-08-27
Fort Pierre National Grassland,00820,10315.010557,2015,2021,War Creek,2016-07-23
Fort Pierre National Grassland,00822,10317.010557,2015,2021,War Creek,2016-07-23
Fort Pierre National Grassland,00823,10318.010557,1986,1992,Hayfield,1987-11-03
Fort Pierre National Grassland,00824,10319.010557,1998,2004,PRAIRIE DOG,1999-08-27
Fort Pierre National Grassland,00835,10330.010557,1986,1992,Hayfield,1987-11-03
Fort Pierre National Grassland,00836,10331.010557,1993,1999,Ft. Pierre Ridings,1994-04-16
Fort Pierre National Grassland,00836,10331.010557,1998,2004,PRAIRIE DOG,1999-08-27
Fort Pierre National Grassland,00800,10296.010557,1993,1999,Ft. Pierre Ridings,1994-04-16
Fort Pierre National Grassland,00800,10296.010557,1986,1992,Hayfield,1987-11-03
Fort Pierre National Grassland,00802,10298.010557,1986,1992,Hayfield,1987-11-03
Fort Pierre National Grassland,00804,10300.010557,1986,1992,Hayfield,1987-11-03
Fort Pierre National Grassland,00806,10302.010557,1998,2004,PRAIRIE DOG,1999-08-27
Fort Pierre National Grassland,00821,10316.010557,2015,2021,War Creek,2016-07-23
Fort Pierre National Grassland,00842,10337.010557,1998,2004,PRAIRIE DOG,1999-08-27
Fort Pierre National Grassland,00841,10336.010557,2015,2021,War Creek,2016-07-23
Fort Pierre National Grassland,00843,10338.010557,2015,2021,War Creek,2016-07-23
Fort Pierre National Grassland,00844,10339.010557,2015,2021,War Creek,2016-07-23
Fort Pierre National Grassland,00845,10340.010557,2015,2021,War Creek,2016-07-23
Fort Pierre National Grassland,00850,10345.010557,1993,1999,Ft. Pierre Ridings,1994-04-16
Fort Pierre National Grassland,00850,10345.010557,1998,2004,PRAIRIE DOG,1999-08-27
Fort Pierre National Grassland,00850,10345.010557,1986,1992,Hayfield,1987-11-03
Fort Pierre National Grassland,00851,10346.010557,2015,2021,War Creek,2016-07-23
Fort Pierre National Grassland,00855,10350.010557,1998,2004,PRAIRIE DOG,1999-08-27
Oglala National Grassland,00390,10392.010557,2015,2021,Rock,2016-07-16
Oglala National Grassland,00391,10393.010557,2015,2021,Rock,2016-07-16
Buffalo Gap National Grassland,00392,10394.010557,1995,2001,GRAVEL PIT,1996-08-03
Buffalo Gap National Grassland,00389,10391.010557,2011,2017,Black Banks Creek,2012-07-27
Buffalo Gap National Grassland,00389,10391.010557,1999,2005,Longspur,2000-07-31
Buffalo Gap National Grassland,00393,10395.010557,1995,2001,GRAVEL PIT,1996-08-03
Oglala National Grassland,00395,10396.010557,1984,1990,Geiser,1985-07-27
Buffalo Gap National Grassland,00397,10398.010557,1995,2001,GRAVEL PIT,1996-08-03
Buffalo Gap National Grassland,00398,10399.010557,2011,2017,Black Banks Creek,2012-07-27
Buffalo Gap National Grassland,00402,10471.010557,1987,1993,Sides,1988-04-11
Buffalo Gap National Grassland,00402,10471.010557,2015,2021,FREEMAN,2016-07-26
Buffalo Gap National Grassland,00402,10471.010557,2015,2021,GAMET,2016-07-26
Buffalo Gap National Grassland,00408,10477.010557,2015,2021,FREEMAN,2016-07-26
Buffalo Gap National Grassland,00408,10477.010557,2015,2021,GAMET,2016-07-26
Buffalo Gap National Grassland,00408,10477.010557,2015,2021,CHEYENNE CA,2016-07-26
Buffalo Gap National Grassland,00725,10232.010557,2015,2021,Cottonwood CA,2016-10-16
Buffalo Gap National Grassland,00724,10231.010557,2011,2017,Cactus,2012-07-19
Buffalo Gap National Grassland,00724,10231.010557,1984,1990,Interstate,1985-07-12
Buffalo Gap National Grassland,00724,10231.010557,2015,2021,Cottonwood CA,2016-10-16
Buffalo Gap National Grassland,00305,10404.010557,1998,2004,Thistle,1999-09-25
Buffalo Gap National Grassland,00305,10404.010557,2004,2010,French Fork,2005-07-22
Buffalo Gap National Grassland,00409,10478.010557,2001,2007,North,2002-07-26
Buffalo Gap National Grassland,00411,10480.010557,2001,2007,North,2002-07-26
Buffalo Gap National Grassland,00319,10412.010557,1998,2004,Thistle,1999-09-25
Buffalo Gap National Grassland,00334,10423.010557,1999,2005,indian creek,2000-08-23
Buffalo Gap National Grassland,00349,10376.010557,1998,2004,Thistle,1999-09-25
Buffalo Gap National Grassland,00349,10376.010557,2004,2010,French Fork,2005-07-22
Buffalo Gap National Grassland,00351,10377.010557,1998,2004,Thistle,1999-09-25
Buffalo Gap National Grassland,00351,10377.010557,2004,2010,French Fork,2005-07-22
Buffalo Gap National Grassland,00726,10233.010557,2011,2017,Cactus,2012-07-19
Buffalo Gap National Grassland,00726,10233.010557,1984,1990,Interstate,1985-07-12
Buffalo Gap National Grassland,00726,10233.010557,2015,2021,Cottonwood CA,2016-10-16
Buffalo Gap National Grassland,00727,10234.010557,2015,2021,Cottonwood CA,2016-10-16
Buffalo Gap National Grassland,00734,10239.010557,2015,2021,Cottonwood CA,2016-10-16
Buffalo Gap National Grassland,00735,10285.010557,2015,2021,Cottonwood CA,2016-10-16
Buffalo Gap National Grassland,00736,10286.010557,2011,2017,Cactus,2012-07-19
Buffalo Gap National Grassland,00736,10286.010557,2015,2021,Cottonwood CA,2016-10-16
Buffalo Gap National Grassland,00739,10287.010557,2011,2017,Cactus,2012-07-19
Buffalo Gap National Grassland,00739,10287.010557,1984,1990,Interstate,1985-07-12
Buffalo Gap National Grassland,00739,10287.010557,2015,2021,Cottonwood CA,2016-10-16
Buffalo Gap National Grassland,00740,10288.010557,2015,2021,Cottonwood CA,2016-10-16
Buffalo Gap National Grassland,00752,10292.010557,2015,2021,Cottonwood CA,2016-10-16
Buffalo Gap National Grassland,00753,10293.010557,2011,2017,Cactus,2012-07-19
Buffalo Gap National Grassland,00753,10293.010557,1984,1990,Interstate,1985-07-12
Buffalo Gap National Grassland,00753,10293.010557,2015,2021,Cottonwood CA,2016-10-16
Buffalo Gap National Grassland,00755,10294.010557,2015,2021,Cottonwood CA,2016-10-16
Buffalo Gap National Grassland,00516,10464.010557,1986,1992,Coffee,1987-08-11
Buffalo Gap National Grassland,00516,10464.010557,1995,2001,HAY BALE,1996-08-03
Buffalo Gap National Grassland,00516,10464.010557,2002,2008,Burning Ground,2003-08-08
Buffalo Gap National Grassland,00706,10262.010557,2015,2021,Cottonwood CA,2016-10-16
Buffalo Gap National Grassland,00708,10217.010557,2015,2021,Cottonwood CA,2016-10-16
Buffalo Gap National Grassland,00714,10222.010557,2011,2017,Cactus,2012-07-19
Buffalo Gap National Grassland,00714,10222.010557,2015,2021,Cottonwood CA,2016-10-16
Buffalo Gap National Grassland,00715,10223.010557,2015,2021,Cottonwood CA,2016-10-16
Buffalo Gap National Grassland,00716,10224.010557,2011,2017,Cactus,2012-07-19
Buffalo Gap National Grassland,00716,10224.010557,1984,1990,Interstate,1985-07-12
Buffalo Gap National Grassland,00716,10224.010557,2015,2021,Cottonwood CA,2016-10-16
Buffalo Gap National Grassland,00717,10225.010557,2011,2017,Cactus,2012-07-19
Buffalo Gap National Grassland,00717,10225.010557,1984,1990,Interstate,1985-07-12
Buffalo Gap National Grassland,00717,10225.010557,2015,2021,Cottonwood CA,2016-10-16
Buffalo Gap National Grassland,00518,10466.010557,1995,2001,HAY BALE,1996-08-03
Buffalo Gap National Grassland,00519,10467.010557,2002,2008,Cottonwood Creek,2003-08-03
Buffalo Gap National Grassland,00520,10426.010557,1999,2005,Crowe Dam,2000-07-13
Buffalo Gap National Grassland,00520,10426.010557,2002,2008,Burning Ground,2003-08-08
Buffalo Gap National Grassland,00521,10427.010557,1986,1992,Coffee,1987-08-11
Buffalo Gap National Grassland,00522,10428.010557,1986,1992,Coffee,1987-08-11
Buffalo Gap National Grassland,00522,10428.010557,1995,2001,HAY BALE,1996-08-03
Buffalo Gap National Grassland,00553,10430.010557,1999,2005,Crowe Dam,2000-07-13
Buffalo Gap National Grassland,00718,10226.010557,2011,2017,Cactus,2012-07-19
Buffalo Gap National Grassland,00718,10226.010557,1984,1990,Interstate,1985-07-12
Buffalo Gap National Grassland,00718,10226.010557,2015,2021,Cottonwood CA,2016-10-16
Buffalo Gap National Grassland,00650,10246.010557,1993,1999,Railroad,1994-08-02
Buffalo Gap National Grassland,00650,10246.010557,1984,1990,Double Shot,1985-07-07
Buffalo Gap National Grassland,00650,10246.010557,2016,2022,WOLF,2017-03-04
Buffalo Gap National Grassland,00650,10246.010557,2002,2008,wolf,2003-08-19
Buffalo Gap National Grassland,00651,10247.010557,2016,2022,WOLF,2017-03-04
Buffalo Gap National Grassland,00651,10247.010557,2002,2008,wolf,2003-08-19
Buffalo Gap National Grassland,00661,10250.010557,1984,1990,Interstate,1985-07-12
Buffalo Gap National Grassland,00661,10250.010557,2015,2021,Cottonwood CA,2016-10-16
Buffalo Gap National Grassland,00662,10251.010557,1993,1999,Railroad,1994-08-02
Buffalo Gap National Grassland,00604,10266.010557,1984,1990,Mogan David,1985-07-07
Buffalo Gap National Grassland,00604,10266.010557,1999,2005,indian creek,2000-08-23
Buffalo Gap National Grassland,00665,10252.010557,1984,1990,Double Shot,1985-07-07
Buffalo Gap National Grassland,00665,10252.010557,2016,2022,WOLF,2017-03-04
Buffalo Gap National Grassland,00665,10252.010557,2002,2008,wolf,2003-08-19
Buffalo Gap National Grassland,00669,10253.010557,1984,1990,Interstate,1985-07-12
Buffalo Gap National Grassland,00669,10253.010557,2015,2021,Cottonwood CA,2016-10-16
Buffalo Gap National Grassland,00672,10876.010557,1993,1999,Railroad,1994-08-02
Buffalo Gap National Grassland,00674,10255.010557,2016,2022,WOLF,2017-03-04
Buffalo Gap National Grassland,00674,10255.010557,2002,2008,wolf,2003-08-19
Buffalo Gap National Grassland,00676,10256.010557,1984,1990,Double Shot,1985-07-07
Buffalo Gap National Grassland,00322,10415.010557,1984,1990,Mogan David,1985-07-07
Buffalo Gap National Grassland,00701,10258.010557,2015,2021,Cottonwood CA,2016-10-16
Buffalo Gap National Grassland,00565,10437.010557,1999,2005,Crowe Dam,2000-07-13
Buffalo Gap National Grassland,00565,10437.010557,2002,2008,Burning Ground,2003-08-08
Buffalo Gap National Grassland,00567,10439.010557,2008,2014,DUCK CREEK,2009-07-24
Oglala National Grassland,00024,10621.010557,2015,2021,Rock,2016-07-16
Buffalo Gap National Grassland,00570,10441.010557,2008,2014,DUCK CREEK,2009-07-24
Buffalo Gap National Grassland,00607,10269.010557,1999,2005,indian creek,2000-08-23
Buffalo Gap National Grassland,00608,10270.010557,1999,2005,indian creek,2000-08-23
Buffalo Gap National Grassland,00617,10276.010557,1999,2005,indian creek,2000-08-23
Buffalo Gap National Grassland,00620,10278.010557,1984,1990,Mogan David,1985-07-07
Buffalo Gap National Grassland,00418,10487.010557,1995,2001,OLD PIONEER,1996-07-31
Buffalo Gap National Grassland,00419,10488.010557,1987,1993,Sides,1988-04-11
Buffalo Gap National Grassland,00419,10488.010557,1995,2001,OLD PIONEER,1996-07-31
Buffalo Gap National Grassland,00420,10489.010557,1995,2001,OLD PIONEER,1996-07-31
Buffalo Gap National Grassland,00421,10490.010557,1995,2001,OLD PIONEER,1996-07-31
Buffalo Gap National Grassland,00425,10492.010557,2001,2007,North,2002-07-26
Buffalo Gap National Grassland,00428,10444.010557,1987,1993,Sides,1988-04-11
Buffalo Gap National Grassland,00429,10445.010557,2001,2007,North,2002-07-26
Buffalo Gap National Grassland,00430,22965.010557,2001,2007,North,2002-07-26
Buffalo Gap National Grassland,00432,10446.010557,1987,1993,Sides,1988-04-11
Buffalo Gap National Grassland,00432,10446.010557,2015,2021,FREEMAN,2016-07-26
Buffalo Gap National Grassland,00432,10446.010557,2015,2021,GAMET,2016-07-26
Buffalo Gap National Grassland,00433,10447.010557,1987,1993,Sides,1988-04-11
Buffalo Gap National Grassland,00436,10449.010557,2001,2007,North,2002-07-26
Buffalo Gap National Grassland,00439,10452.010557,1995,2001,OLD PIONEER,1996-07-31
Buffalo Gap National Grassland,00501,10454.010557,1986,1992,Coffee,1987-08-11
Buffalo Gap National Grassland,00504,10456.010557,1986,1992,Coffee,1987-08-11
Buffalo Gap National Grassland,00301,10400.010557,1998,2004,Thistle,1999-09-25
Buffalo Gap National Grassland,00301,10400.010557,1984,1990,Mogan David,1985-07-07
Buffalo Gap National Grassland,00505,10457.010557,1986,1992,Coffee,1987-08-11
Buffalo Gap National Grassland,00506,10458.010557,1986,1992,Coffee,1987-08-11
Buffalo Gap National Grassland,00506,10458.010557,1995,2001,HAY BALE,1996-08-03
Buffalo Gap National Grassland,00508,10459.010557,2002,2008,Cottonwood Creek,2003-08-03
Buffalo Gap National Grassland,00508,10459.010557,1986,1992,Coffee,1987-08-11
Buffalo Gap National Grassland,00508,10459.010557,1995,2001,HAY BALE,1996-08-03
Buffalo Gap National Grassland,00509,10460.010557,1986,1992,Coffee,1987-08-11
Buffalo Gap National Grassland,00509,10460.010557,1995,2001,HAY BALE,1996-08-03
Buffalo Gap National Grassland,00511,10462.010557,1986,1992,Coffee,1987-08-11
Buffalo Gap National Grassland,00511,10462.010557,1995,2001,HAY BALE,1996-08-03
Buffalo Gap National Grassland,00702,10259.010557,2015,2021,Cottonwood CA,2016-10-16
Buffalo Gap National Grassland,00359,10380.010557,2002,2008,Cottonwood Creek,2003-08-03
Buffalo Gap National Grassland,00303,10402.010557,1998,2004,Thistle,1999-09-25
Oglala National Grassland,00380,10383.010557,2015,2021,Rock,2016-07-16
Buffalo Gap National Grassland,00381,10384.010557,2008,2014,DUCK CREEK,2009-07-24
Oglala National Grassland,00382,10385.010557,1987,1993,INDIAN,1988-08-01
Buffalo Gap National Grassland,00385,10387.010557,2011,2017,Black Banks Creek,2012-07-27
Buffalo Gap National Grassland,00385,10387.010557,1999,2005,Longspur,2000-07-31
Buffalo Gap National Grassland,00386,10388.010557,2011,2017,Black Banks Creek,2012-07-27
Buffalo Gap National Grassland,00386,10388.010557,1999,2005,Longspur,2000-07-31
Buffalo Gap National Grassland,00387,10389.010557,2008,2014,DUCK CREEK,2009-07-24
Buffalo Gap National Grassland,00703,10260.010557,2015,2021,Cottonwood CA,2016-10-16
Buffalo Gap National Grassland,00721,10229.010557,2015,2021,Cottonwood CA,2016-10-16
Buffalo Gap National Grassland,00722,10230.010557,2011,2017,Cactus,2012-07-19
Buffalo Gap National Grassland,00722,10230.010557,1984,1990,Interstate,1985-07-12
Buffalo Gap National Grassland,00722,10230.010557,2015,2021,Cottonwood CA,2016-10-16
Pawnee National Grassland,90041,10305.010399,2018,2024,Keota,2019-03-19
Pawnee National Grassland,80019,10391.010399,2014,2020,Gold Art,2015-09-27
Pawnee National Grassland,80019,10391.010399,2015,2021,Road 114,2016-09-14
Pawnee National Grassland,80025,10397.010399,2014,2020,Little Sand,2015-10-11
Pawnee National Grassland,80025,10397.010399,2015,2021,Sand Creek,2016-08-07
Pawnee National Grassland,80025,10397.010399,2008,2014,Baker Draw,2009-11-07
Pawnee National Grassland,80025,10397.010399,2018,2024,East Pawnee,2019-02-24
Pawnee National Grassland,80025,10397.010399,2016,2022,96 Fire,2017-02-18
Pawnee National Grassland,80025,10397.010399,2010,2016,SAND CREEK,2011-02-13
Pawnee National Grassland,80045,10363.010399,2015,2021,Road 114,2016-09-14
Pawnee National Grassland,90003,10325.010399,2004,2010,Kligensmith,2005-03-11
Pawnee National Grassland,80046,10364.010399,2015,2021,Road 114,2016-09-14
Pawnee National Grassland,80039,10357.010399,2014,2020,Little Sand,2015-10-11
Pawnee National Grassland,80047,10365.010399,2015,2021,Sand Creek,2016-08-07
Pawnee National Grassland,80047,10365.010399,2008,2014,Baker Draw,2009-11-07
Pawnee National Grassland,80047,10365.010399,2009,2015,SAND CREEK,2010-10-16
Pawnee National Grassland,80047,10365.010399,2018,2024,East Pawnee,2019-02-24
Pawnee National Grassland,80047,10365.010399,2016,2022,96 Fire,2017-02-18
Pawnee National Grassland,80047,10365.010399,2010,2016,SAND CREEK,2011-02-13
Pawnee National Grassland,90062,10270.010399,2004,2010,Kligensmith,2005-03-11
Pawnee National Grassland,90032,10296.010399,2014,2020,Vim,2015-03-14
Pawnee National Grassland,80027,10345.010399,2018,2024,East Pawnee,2019-02-24
Pawnee National Grassland,80017,10389.010399,2014,2020,Gold Art,2015-09-27
Pawnee National Grassland,80017,10389.010399,2015,2021,Road 114,2016-09-14
Pawnee National Grassland,80016,10388.010399,2014,2020,Little Sand,2015-10-11
Pawnee National Grassland,80016,10388.010399,2015,2021,Sand Creek,2016-08-07
Pawnee National Grassland,80016,10388.010399,2008,2014,Baker Draw,2009-11-07
Pawnee National Grassland,80016,10388.010399,2009,2015,SAND CREEK,2010-10-16
Pawnee National Grassland,80016,10388.010399,2018,2024,East Pawnee,2019-02-24
Pawnee National Grassland,80016,10388.010399,2016,2022,96 Fire,2017-02-18
Pawnee National Grassland,80016,10388.010399,2010,2016,SAND CREEK,2011-02-13
Pawnee National Grassland,90013,10335.010399,2018,2024,Keota,2019-03-19
Pawnee National Grassland,80020,10392.010399,2015,2021,Road 114,2016-09-14
Pawnee National Grassland,80043,10361.010399,2015,2021,Sand Creek,2016-08-07
Pawnee National Grassland,80043,10361.010399,2008,2014,Baker Draw,2009-11-07
Pawnee National Grassland,80043,10361.010399,2009,2015,SAND CREEK,2010-10-16
Pawnee National Grassland,80043,10361.010399,2018,2024,East Pawnee,2019-02-24
Pawnee National Grassland,80043,10361.010399,2016,2022,96 Fire,2017-02-18
Pawnee National Grassland,80006,10378.010399,2014,2020,Little Sand,2015-10-11
Pawnee National Grassland,80006,10378.010399,2015,2021,Sand Creek,2016-08-07
Pawnee National Grassland,80006,10378.010399,2018,2024,East Pawnee,2019-02-24
Pawnee National Grassland,80006,10378.010399,2016,2022,96 Fire,2017-02-18
Pawnee National Grassland,80006,10378.010399,2010,2016,SAND CREEK,2011-02-13
Pawnee National Grassland,90022,10312.010399,2018,2024,Keota,2019-03-19
Pawnee National Grassland,80035,10353.010399,2014,2020,Little Sand,2015-10-11
Pawnee National Grassland,80035,10353.010399,2018,2024,East Pawnee,2019-02-24
Pawnee National Grassland,80035,10353.010399,2016,2022,96 Fire,2017-02-18
Pawnee National Grassland,80035,10353.010399,2010,2016,SAND CREEK,2011-02-13
Pawnee National Grassland,80053,10316.010399,2014,2020,Little Sand,2015-10-11
Pawnee National Grassland,80053,10316.010399,2015,2021,Sand Creek,2016-08-07
Pawnee National Grassland,80053,10316.010399,2008,2014,Baker Draw,2009-11-07
Pawnee National Grassland,80053,10316.010399,2009,2015,SAND CREEK,2010-10-16
Pawnee National Grassland,80053,10316.010399,2018,2024,East Pawnee,2019-02-24
Pawnee National Grassland,80053,10316.010399,2016,2022,96 Fire,2017-02-18
Pawnee National Grassland,80053,10316.010399,2010,2016,SAND CREEK,2011-02-13
Pawnee National Grassland,80026,10344.010399,2015,2021,Road 114,2016-09-14
Pawnee National Grassland,90083,10246.010399,2014,2020,Vim,2015-03-14
Pawnee National Grassland,90066,10274.010399,2004,2010,Kligensmith,2005-03-11
Pawnee National Grassland,80012,10384.010399,2015,2021,Sand Creek,2016-08-07
Pawnee National Grassland,80012,10384.010399,2008,2014,Baker Draw,2009-11-07
Pawnee National Grassland,80012,10384.010399,2009,2015,SAND CREEK,2010-10-16
Pawnee National Grassland,80012,10384.010399,2010,2016,SAND CREEK,2011-02-13
Pawnee National Grassland,90042,10306.010399,2004,2010,Kligensmith,2005-03-11
Pawnee National Grassland,90051,10259.010399,2018,2024,Keota,2019-03-19
Cimarron National Grassland,07331,10200.010465,2009,2015,Greenwood,2010-10-18
Cimarron National Grassland,07331,10200.010465,2010,2016,Tunner,2011-05-08
Cimarron National Grassland,07336,10205.010465,2010,2016,Tunner,2011-05-08
Cimarron National Grassland,07350,10219.010465,2005,2011,Steeler,2006-02-05
Cimarron National Grassland,07347,10216.010465,2005,2011,Steeler,2006-02-05
Cimarron National Grassland,07348,10217.010465,2010,2016,Tunner,2011-05-08
Cimarron National Grassland,07355,12840.010465,2010,2016,Tunner,2011-05-08
Cimarron National Grassland,07326,10195.010465,2010,2016,Tunner,2011-05-08
Cimarron National Grassland,07329,10198.010465,2010,2016,Tunner,2011-05-08
Cimarron National Grassland,07330,10199.010465,2004,2010,Brother,2005-07-29
Cimarron National Grassland,07330,10199.010465,2010,2016,Tunner,2011-05-08
Cimarron National Grassland,07354,10223.010465,2005,2011,Steeler,2006-02-05
Cimarron National Grassland,07354,10223.010465,2010,2016,Tunner,2011-05-08
Cimarron National Grassland,07332,10201.010465,2010,2016,Tunner,2011-05-08
Cimarron National Grassland,07345,10214.010465,2005,2011,Steeler,2006-02-05
Cimarron National Grassland,07337,10206.010465,2005,2011,Steeler,2006-02-05
Cimarron National Grassland,07346,10215.010465,2009,2015,Greenwood,2010-10-18
Cimarron National Grassland,07328,10197.010465,2004,2010,Brother,2005-07-29
Cimarron National Grassland,07335,10204.010465,2005,2011,Steeler,2006-02-05
Cimarron National Grassland,07335,10204.010465,2010,2016,Tunner,2011-05-08
Cimarron National Grassland,07334,10203.010465,2010,2016,Tunner,2011-05-08
Cimarron National Grassland,07352,10221.010465,2009,2015,Greenwood,2010-10-18
Cimarron National Grassland,07352,10221.010465,2010,2016,Tunner,2011-05-08
Cimarron National Grassland,07327,10196.010465,2004,2010,Brother,2005-07-29
Cimarron National Grassland,07344,10213.010465,2009,2015,Greenwood,2010-10-18
Cimarron National Grassland,07344,10213.010465,2010,2016,Tunner,2011-05-08
Cimarron National Grassland,07333,10202.010465,2010,2016,Tunner,2011-05-08
Comanche National Grassland,06431,10480.010465,2004,2010,Burrows Draw,2005-07-24
Comanche National Grassland,06529,10463.010465,2018,2024,Register Springs,2019-07-27
Comanche National Grassland,06581,21816.010465,2005,2011,Shooting Range,2006-06-15
Comanche National Grassland,06557,10427.010465,2001,2007,Kirkwell,2002-05-26
Comanche National Grassland,06723,10575.010465,2004,2010,Plum Canyon,2005-09-28
Comanche National Grassland,06530,10464.010465,2001,2007,Kirkwell,2002-05-26
Comanche National Grassland,06530,10464.010465,2018,2024,Register Springs,2019-07-27
Comanche National Grassland,06636,10544.010465,2001,2007,Andrix#3,2002-04-25
Comanche National Grassland,06636,10544.010465,2010,2016,Andrix Complex,2011-06-24
Comanche National Grassland,06499,10562.010465,2005,2011,Shooting Range,2006-06-15
Comanche National Grassland,06711,10563.010465,2007,2013,Snakeweed,2008-04-14
Comanche National Grassland,06437,10486.010465,2004,2010,Burrows Draw,2005-07-24
Comanche National Grassland,06437,10486.010465,2018,2024,C34,2019-02-13
Comanche National Grassland,06608,10399.010465,2000,2006,Haney,2001-11-12
Comanche National Grassland,06430,10479.010465,2018,2024,C34,2019-02-13
Comanche National Grassland,06714,10566.010465,2007,2013,Snakeweed,2008-04-14
Comanche National Grassland,06405,26260.010465,2005,2011,Shooting Range,2006-06-15
Comanche National Grassland,06585,26200.010465,2018,2024,Register Springs,2019-07-27
Comanche National Grassland,06446,10495.010465,2004,2010,Burrows Draw,2005-07-24
Comanche National Grassland,06446,10495.010465,2018,2024,C34,2019-02-13
Comanche National Grassland,06573,10385.010465,2018,2024,Register Springs,2019-07-27
Comanche National Grassland,06575,10387.010465,2001,2007,Kirkwell,2002-05-26
Comanche National Grassland,06528,10462.010465,2018,2024,Register Springs,2019-07-27
Comanche National Grassland,06716,10568.010465,2010,2016,Sierra Vista,2011-02-19
Comanche National Grassland,06540,10448.010465,2000,2006,Haney,2001-11-12
Comanche National Grassland,06443,10492.010465,2004,2010,Burrows Draw,2005-07-24
Comanche National Grassland,06546,10416.010465,2000,2006,Haney,2001-11-12
Comanche National Grassland,06635,10543.010465,2001,2007,Andrix#3,2002-04-25
Comanche National Grassland,06635,10543.010465,2010,2016,Andrix Complex,2011-06-24
Comanche National Grassland,06569,10439.010465,2001,2007,Kirkwell,2002-05-26
Comanche National Grassland,06444,10493.010465,2004,2010,Burrows Draw,2005-07-24
Comanche National Grassland,06444,10493.010465,2018,2024,C34,2019-02-13
Comanche National Grassland,06552,10422.010465,2001,2007,Kirkwell,2002-05-26
Comanche National Grassland,06493,10459.010465,2018,2024,C34,2019-02-13
Comanche National Grassland,06429,10478.010465,2018,2024,C34,2019-02-13
Comanche National Grassland,06426,10475.010465,2004,2010,Moore Draw,2005-08-30
Comanche National Grassland,06560,10430.010465,2005,2011,Shooting Range,2006-06-15
Comanche National Grassland,06637,10545.010465,2015,2021,160,2016-07-22
Comanche National Grassland,06436,10485.010465,2018,2024,C34,2019-02-13
Comanche National Grassland,06713,10565.010465,2010,2016,Sierra Vista,2011-02-19
Comanche National Grassland,06544,10414.010465,2000,2006,Haney,2001-11-12
Comanche National Grassland,06709,10561.010465,2005,2011,Shooting Range,2006-06-15
Comanche National Grassland,06629,10537.010465,2001,2007,Andrix#3,2002-04-25
Comanche National Grassland,06629,10537.010465,2010,2016,Andrix Complex,2011-06-24
Comanche National Grassland,06629,10537.010465,2015,2021,160,2016-07-22
Comanche National Grassland,06438,10487.010465,2018,2024,C34,2019-02-13
Comanche National Grassland,06428,10477.010465,2018,2024,C34,2019-02-13
Comanche National Grassland,06452,10501.010465,2004,2010,Burrows Draw,2005-07-24
Comanche National Grassland,06631,10539.010465,2001,2007,Andrix#3,2002-04-25
Comanche National Grassland,06631,10539.010465,2010,2016,Andrix Complex,2011-06-24
Comanche National Grassland,06535,10469.010465,2000,2006,Haney,2001-11-12
Comanche National Grassland,06726,10578.010465,NA,NA,Pinyon Canyon,NA
Comanche National Grassland,06554,10424.010465,2001,2007,Kirkwell,2002-05-26
Comanche National Grassland,06435,10484.010465,2004,2010,Burrows Draw,2005-07-24
Comanche National Grassland,06566,10436.010465,2001,2007,Kirkwell,2002-05-26
Comanche National Grassland,06645,12031.010465,2005,2011,Tecolate,2006-05-27
Comanche National Grassland,06630,10538.010465,2010,2016,Andrix Complex,2011-06-24
Comanche National Grassland,06630,10538.010465,2015,2021,160,2016-07-22
Comanche National Grassland,06563,10433.010465,2005,2011,Shooting Range,2006-06-15
Comanche National Grassland,06604,10395.010465,2000,2006,Haney,2001-11-12
Comanche National Grassland,06463,10512.010465,2005,2011,Shooting Range,2006-06-15
Comanche National Grassland,06402,10472.010465,2005,2011,Shooting Range,2006-06-15
Comanche National Grassland,06640,10548.010465,2005,2011,Tecolate,2006-05-27
Comanche National Grassland,06432,10481.010465,2004,2010,Burrows Draw,2005-07-24
Comanche National Grassland,06432,10481.010465,2018,2024,C34,2019-02-13
Comanche National Grassland,06722,10574.010465,2004,2010,Plum Canyon,2005-09-28
Kiowa National Grassland,07136,16579.010482,2017,2023,Blanco,2018-06-22
Kiowa National Grassland,0796W,16540.010482,2019,2025,K107,2020-06-06
Kiowa National Grassland,07143,17745.010482,2019,2025,K107,2020-06-06
Kiowa National Grassland,07109,16553.010482,2019,2025,K107,2020-06-06
Kiowa National Grassland,07043,16490.010482,2018,2024,K49,2019-08-05
Kiowa National Grassland,07104,16548.010482,2019,2025,K107,2020-06-06
Kiowa National Grassland,07105,16549.010482,2019,2025,K107,2020-06-06
Kiowa National Grassland,07117,16561.010482,2019,2025,K107,2020-06-06
Kiowa National Grassland,07107,16551.010482,2019,2025,K107,2020-06-06
Kiowa National Grassland,07050,16496.010482,2018,2024,K49,2019-08-05
Kiowa National Grassland,0746W,16493.010482,2018,2024,K49,2019-08-05
Kiowa National Grassland,07103,16547.010482,2019,2025,K107,2020-06-06
Kiowa National Grassland,07051,16497.010482,2018,2024,K49,2019-08-05
Kiowa National Grassland,07100,16544.010482,2019,2025,K107,2020-06-06
Kiowa National Grassland,07102,16546.010482,2019,2025,K107,2020-06-06
Kiowa National Grassland,07084,16529.010482,2017,2023,Blanco,2018-06-22
Kiowa National Grassland,07140,16583.010482,2017,2023,Blanco,2018-06-22
Kiowa National Grassland,07101,16545.010482,2019,2025,K107,2020-06-06
Kiowa National Grassland,07142,16585.010482,2019,2025,K107,2020-06-06
Kiowa National Grassland,07108,16552.010482,2019,2025,K107,2020-06-06
Kiowa National Grassland,0747S,17769.010482,2018,2024,K49,2019-08-05
Kiowa National Grassland,07048,17715.010482,2018,2024,K49,2019-08-05
Kiowa National Grassland,07141,16584.010482,2019,2025,K107,2020-06-06
Kiowa National Grassland,07098,16542.010482,2019,2025,K107,2020-06-06
Kiowa National Grassland,07106,16550.010482,2019,2025,K107,2020-06-06
